Date,Joke
2025-04-21,"What do you call 8 hobbits? A hobbyte."
2025-04-28,"Why don't data scientists ever get lost? Because they always follow the most likely path."
2025-05-05,"How do programmers enjoy nature? They log out."
2025-05-12,"Why was the math book sad? It had too many problems."
2025-05-19,"Why did the computer cross the road? To get a byte to eat."
2025-05-26,"I would tell you a UDP joke, but you might not get it."
2025-06-02,"Why did the function return zero? Because it had no arguments."
2025-06-09,"Why do pandas love DataFrames? Because they can bear-ly contain all the data."
2025-06-16,"Why did the cyclist stop at a traffic light? He didn't want to get two-tired."
2025-06-23,"Why are traffic signals great at poker? They know when to hold 'em and when to fold 'em."
2025-06-30,"Why did the scarecrow become a data engineer? He was outstanding in his field."
2025-07-07,"Why did the data go to therapy? It had too many outliers."
2025-07-14,"Why did the signal go to school? To improve its frequency."
2025-07-21,"Why are roads never bored? They always have intersections."
2025-07-28,"How do you comfort a JavaScript bug? console it."
2025-08-04,"Why was the computer cold? It left its Windows open."
2025-08-11,"What do you call 8 hobbits? A hobbyte."
2025-08-18,"Why don't programmers like nature? It has too many bugs."
2025-08-25,"How do you know when a joke is kappa? It's an inside pun."
2025-09-01,"Why did the bike fall over? It was two tired."
2025-09-08,"What did the traffic light say to the car? Don't look, I'm changing!"
2025-09-15,"Why did the database administrator leave his job? He couldn't commit."
2025-09-22,"Why was the cell phone wearing glasses? It lost its contacts."
2025-09-29,"Why did the SQL query go to the doctor? It had an identity crisis."